"'{""user"":{""name"":""",tester1,"""",",","""passwd"":""",Test223421,"""",",","""status"":""CREATED""}}'",
"'{""user"":{""name"":""",tester2,"""",",","""passwd"":""",Test223422,"""",",","""status"":""CREATED""}}'",
"'{""user"":{""name"":""",tester3,"""",",","""passwd"":""",Test223423,"""",",","""status"":""CREATED""}}'",
"'{""user"":{""name"":""",tester4,"""",",","""passwd"":""",Test223424,"""",",","""status"":""CREATED""}}'",
"'{""user"":{""name"":""",tester5,"""",",","""passwd"":""",Test223425,"""",",","""status"":""CREATED""}}'",
"'{""user"":{""name"":""",tester6,"""",",","""passwd"":""",Test223426,"""",",","""status"":""CREATED""}}'",
"'{""user"":{""name"":""",tester7,"""",",","""passwd"":""",Test223427,"""",",","""status"":""CREATED""}}'",
"'{""user"":{""name"":""",tester8,"""",",","""passwd"":""",Test223428,"""",",","""status"":""CREATED""}}'",
"'{""user"":{""name"":""",tester9,"""",",","""passwd"":""",Test223429,"""",",","""status"":""CREATED""}}'",
"'{""user"":{""name"":""",tester10,"""",",","""passwd"":""",Test223430,"""",",","""status"":""CREATED""}}'",
"'{""user"":{""name"":""",tester11,"""",",","""passwd"":""",Test223431,"""",",","""status"":""CREATED""}}'",
"'{""user"":{""name"":""",tester12,"""",",","""passwd"":""",Test223432,"""",",","""status"":""CREATED""}}'",
"'{""user"":{""name"":""",tester13,"""",",","""passwd"":""",Test223433,"""",",","""status"":""CREATED""}}'",